-- --------------------------------------------------------
-- Host:                         127.0.0.1
-- Server version:               5.7.19-log - MySQL Community Server (GPL)
-- Server OS:                    Win64
-- HeidiSQL Version:             9.3.0.4984
-- --------------------------------------------------------

/*!40101 SET @OLD_CHARACTER_SET_CLIENT=@@CHARACTER_SET_CLIENT */;
/*!40101 SET NAMES utf8mb4 */;
/*!40014 SET @OLD_FOREIGN_KEY_CHECKS=@@FOREIGN_KEY_CHECKS, FOREIGN_KEY_CHECKS=0 */;
/*!40101 SET @OLD_SQL_MODE=@@SQL_MODE, SQL_MODE='NO_AUTO_VALUE_ON_ZERO' */;

-- Dumping structure for table dungeondatabase.dungeon
CREATE TABLE IF NOT EXISTS `dungeon` (
  `DungeonID` int(11) NOT NULL AUTO_INCREMENT,
  `DungeonName` varchar(200) NOT NULL,
  PRIMARY KEY (`DungeonID`),
  UNIQUE KEY `DungeonName` (`DungeonName`)
) ENGINE=InnoDB AUTO_INCREMENT=27 DEFAULT CHARSET=utf8;

-- Dumping data for table dungeondatabase.dungeon: ~2 rows (approximately)
/*!40000 ALTER TABLE `dungeon` DISABLE KEYS */;
INSERT INTO `dungeon` (`DungeonID`, `DungeonName`) VALUES
	(26, 'Crypts of Blizzard'),
	(4, 'TheDungeonLol');
/*!40000 ALTER TABLE `dungeon` ENABLE KEYS */;


-- Dumping structure for table dungeondatabase.furniture
CREATE TABLE IF NOT EXISTS `furniture` (
  `FurnitureID` int(11) NOT NULL AUTO_INCREMENT,
  `FurnitureName` varchar(20) NOT NULL,
  PRIMARY KEY (`FurnitureID`),
  UNIQUE KEY `FurnitureName` (`FurnitureName`)
) ENGINE=InnoDB AUTO_INCREMENT=25 DEFAULT CHARSET=utf8;

-- Dumping data for table dungeondatabase.furniture: ~24 rows (approximately)
/*!40000 ALTER TABLE `furniture` DISABLE KEYS */;
INSERT INTO `furniture` (`FurnitureID`, `FurnitureName`) VALUES
	(4, 'barrel'),
	(1, 'bed'),
	(3, 'chair'),
	(8, 'chandelier'),
	(5, 'chest'),
	(9, 'couch'),
	(10, 'crate'),
	(11, 'cushion'),
	(12, 'desk'),
	(13, 'fireplace'),
	(14, 'fountain'),
	(15, 'grindstone'),
	(16, 'keg'),
	(17, 'loom'),
	(18, 'mat'),
	(19, 'mattress'),
	(20, 'sack'),
	(21, 'sconce'),
	(22, 'shrine'),
	(2, 'table'),
	(23, 'tapestry'),
	(24, 'throne'),
	(6, 'wardrobe'),
	(7, 'well');
/*!40000 ALTER TABLE `furniture` ENABLE KEYS */;


-- Dumping structure for table dungeondatabase.furnitureroomlink
CREATE TABLE IF NOT EXISTS `furnitureroomlink` (
  `RoomID` smallint(6) NOT NULL,
  `FurnitureID` smallint(6) NOT NULL
) ENGINE=InnoDB DEFAULT CHARSET=utf8;

-- Dumping data for table dungeondatabase.furnitureroomlink: ~14 rows (approximately)
/*!40000 ALTER TABLE `furnitureroomlink` DISABLE KEYS */;
INSERT INTO `furnitureroomlink` (`RoomID`, `FurnitureID`) VALUES
	(85, 4),
	(85, 7),
	(85, 1),
	(86, 17),
	(86, 9),
	(86, 10),
	(86, 5),
	(87, 12),
	(87, 4),
	(88, 1),
	(88, 21),
	(88, 9),
	(89, 4),
	(89, 11);
/*!40000 ALTER TABLE `furnitureroomlink` ENABLE KEYS */;


-- Dumping structure for table dungeondatabase.monster
CREATE TABLE IF NOT EXISTS `monster` (
  `MonsterID` int(11) NOT NULL AUTO_INCREMENT,
  `MonsterName` varchar(255) NOT NULL,
  `MonsterXP` int(11) DEFAULT NULL,
  PRIMARY KEY (`MonsterID`),
  UNIQUE KEY `MonsterName` (`MonsterName`)
) ENGINE=InnoDB AUTO_INCREMENT=469 DEFAULT CHARSET=utf8;

-- Dumping data for table dungeondatabase.monster: ~437 rows (approximately)
/*!40000 ALTER TABLE `monster` DISABLE KEYS */;
INSERT INTO `monster` (`MonsterID`, `MonsterName`, `MonsterXP`) VALUES
	(1, 'Awakened shrub', 10),
	(2, 'Baboon', 10),
	(3, 'Badger', 10),
	(4, 'Bat', 10),
	(5, 'Cat', 10),
	(6, 'Commoner', 10),
	(7, 'Crab', 10),
	(8, 'Crawling claw', 10),
	(9, 'Deer', 10),
	(10, 'Eagle', 10),
	(11, 'Frog', 10),
	(12, 'Giant fire beetle', 10),
	(13, 'Goat', 10),
	(14, 'Hawk', 10),
	(15, 'Homunculus', 10),
	(16, 'Hyena', 10),
	(17, 'Jackal', 10),
	(18, 'Lemure', 10),
	(19, 'Lizard', 10),
	(20, 'Myconid sprout', 10),
	(21, 'Octopus', 10),
	(22, 'Owl', 10),
	(23, 'Quipper', 10),
	(24, 'Rat', 10),
	(25, 'Raven', 10),
	(26, 'Scorpion', 10),
	(27, 'Sea horse', 10),
	(28, 'Shrieker', 10),
	(29, 'Spider', 10),
	(30, 'Vulture', 10),
	(31, 'Weasel', 10),
	(32, 'Bandit', 25),
	(33, 'Blood hawk', 25),
	(34, 'Camel', 25),
	(35, 'Cultist', 25),
	(36, 'Flumph', 25),
	(37, 'Flying snake', 25),
	(38, 'Giant crab', 25),
	(39, 'Giant rat', 25),
	(40, 'Giant weasel', 25),
	(41, 'Guard', 25),
	(42, 'Kobold', 25),
	(43, 'Manes', 25),
	(44, 'Mastiff', 25),
	(45, 'Merfolk', 25),
	(46, 'Monodrone', 25),
	(47, 'Mule', 25),
	(48, 'Noble', 25),
	(49, 'Poisonous snake', 25),
	(50, 'Pony', 25),
	(51, 'Slaad tadpole', 25),
	(52, 'Stirge', 25),
	(53, 'Tribal warrior', 25),
	(54, 'Twig blight', 25),
	(55, 'Aarakocra', 50),
	(56, 'Acolyte', 50),
	(57, 'Axe beak', 50),
	(58, 'Blink dog', 50),
	(59, 'Boar', 50),
	(60, 'Bullywug', 50),
	(61, 'Constrictor snake', 50),
	(62, 'Draft horse', 50),
	(63, 'Dretch', 50),
	(64, 'Drow', 50),
	(65, 'Duodrone', 50),
	(66, 'Elk', 50),
	(67, 'Flying sword', 50),
	(68, 'Giant badger', 50),
	(69, 'Giant bat', 50),
	(70, 'Giant centipede', 50),
	(71, 'Giant frog', 50),
	(72, 'Giant lizard', 50),
	(73, 'Giant owl', 50),
	(74, 'Giant wolf spider', 50),
	(75, 'Goblin', 50),
	(76, 'Grimlock', 50),
	(77, 'Kenku', 50),
	(78, 'Kuo-toa', 50),
	(79, 'Mud mephit', 50),
	(80, 'Needle blight', 50),
	(81, 'Panther', 50),
	(82, 'Pixie', 50),
	(83, 'Pseudodragon', 50),
	(84, 'Pteranodon', 50),
	(85, 'Riding horse', 50),
	(86, 'Skeleton', 50),
	(87, 'Smoke mephit', 50),
	(88, 'Sprite', 50),
	(89, 'Steam mephit', 50),
	(90, 'Swarm of bats', 50),
	(91, 'Swarm of rats', 50),
	(92, 'Swarm of ravens', 50),
	(93, 'Troglodyte', 50),
	(94, 'Violet fungus', 50),
	(95, 'Winged kobold', 50),
	(96, 'Wolf', 50),
	(97, 'Zombie', 50),
	(98, 'Ape', 100),
	(99, 'Black bear', 100),
	(100, 'Cockatrice', 100),
	(101, 'Crocodile', 100),
	(102, 'Darkmantle', 100),
	(103, 'Deep gnome', 100),
	(104, 'Dust mephit', 100),
	(105, 'Gas spore', 100),
	(106, 'Giant goat', 100),
	(107, 'Giant sea horse', 100),
	(108, 'Giant wasp', 100),
	(109, 'Gnoll', 100),
	(110, 'Gray ooze', 100),
	(111, 'Hobgoblin', 100),
	(112, 'Ice mephit', 100),
	(113, 'Jackalwere', 100),
	(114, 'Lizardfolk', 100),
	(115, 'Magma mephit', 100),
	(116, 'Magmin', 100),
	(117, 'Myconid adult', 100),
	(118, 'Orc', 100),
	(119, 'Piercer', 100),
	(120, 'Reef shark', 100),
	(121, 'Rust monster', 100),
	(122, 'Sahuagin', 100),
	(123, 'Satyr', 100),
	(124, 'Scout', 100),
	(125, 'Shadow', 100),
	(126, 'Swarm of insects', 100),
	(127, 'Thug', 100),
	(128, 'Tridrone', 100),
	(129, 'Vine blight', 100),
	(130, 'Warhorse', 100),
	(131, 'Warhorse skeleton', 100),
	(132, 'Worg', 100),
	(133, 'Animated armor', 200),
	(134, 'Brown bear', 200),
	(135, 'Bugbear', 200),
	(136, 'Death dog', 200),
	(137, 'Dire wolf', 200),
	(138, 'Dryad', 200),
	(139, 'Duergar', 200),
	(140, 'Fire snake', 200),
	(141, 'Ghoul', 200),
	(142, 'Giant eagle', 200),
	(143, 'Giant hyena', 200),
	(144, 'Giant octopus', 200),
	(145, 'Giant spider', 200),
	(146, 'Giant toad', 200),
	(147, 'Giant vulture', 200),
	(148, 'Goblin boss', 200),
	(149, 'Half-ogre', 200),
	(150, 'Harpy', 200),
	(151, 'Hippogriff', 200),
	(152, 'Imp', 200),
	(153, 'Kuo-toa whip', 200),
	(154, 'Lion', 200),
	(155, 'Quadrone', 200),
	(156, 'Quasit', 200),
	(157, 'Scarecrow', 200),
	(158, 'Specter', 200),
	(159, 'Spy', 200),
	(160, 'Swarm of quippers', 200),
	(161, 'Thri-kreen', 200),
	(162, 'Tiger', 200),
	(163, 'Yuan-ti pureblood', 200),
	(195, 'Brass dragon wyrmling', 200),
	(196, 'Copper dragon wyrmling', 200),
	(197, 'Faerie dragon (young)', 200),
	(198, 'Quaggoth spore servant', 200),
	(199, 'Allosaurus', 450),
	(200, 'Ankheg', 450),
	(201, 'Awakened tree', 450),
	(202, 'Azer', 450),
	(203, 'Bandit captain', 450),
	(204, 'Berserker', 450),
	(205, 'Black dragon wyrmling', 450),
	(206, 'Bronze dragon wyrmling', 450),
	(207, 'Carrion crawler', 450),
	(208, 'Centaur', 450),
	(209, 'Cult fanatic', 450),
	(210, 'Druid', 450),
	(211, 'Ettercap', 450),
	(212, 'Faerie dragon (old)', 450),
	(213, 'Gargoyle', 450),
	(214, 'Gelatinous cube', 450),
	(215, 'Ghast', 450),
	(216, 'Giant boar', 450),
	(217, 'Giant constrictor snake', 450),
	(218, 'Giant elk', 450),
	(219, 'Gibbering mouther', 450),
	(220, 'Githzerai monk', 450),
	(221, 'Gnoll pack lord', 450),
	(222, 'Green dragon wyrmling', 450),
	(223, 'Grick', 450),
	(224, 'Griffon', 450),
	(225, 'Hunter shark', 450),
	(226, 'Intellect devourer', 450),
	(227, 'Lizardfolk shaman', 450),
	(228, 'Merrow', 450),
	(229, 'Mimic', 450),
	(230, 'Minotaur skeleton', 450),
	(231, 'Myconid sovereign', 450),
	(232, 'Nothic', 450),
	(233, 'Ochre jelly', 450),
	(234, 'Ogre', 450),
	(235, 'Ogre zombie', 450),
	(236, 'Orc Eye of Gruumsh', 450),
	(237, 'Orog', 450),
	(238, 'Pegasus', 450),
	(239, 'Pentadrone', 450),
	(240, 'Peryton', 450),
	(241, 'Plesiosaurus', 450),
	(242, 'Polar bear', 450),
	(243, 'Poltergeist (specter)', 450),
	(244, 'Priest', 450),
	(245, 'Quaggoth', 450),
	(246, 'Rhinoceros', 450),
	(247, 'Rug of smothering', 450),
	(248, 'Saber-toothed tiger', 450),
	(249, 'Sahuagin priestess', 450),
	(250, 'Sea hag', 450),
	(251, 'Silver dragon wyrmling', 450),
	(252, 'Spined devil', 450),
	(253, 'Swarm of poisonous snakes', 450),
	(254, 'Wererat', 450),
	(255, 'White dragon wyrmling', 450),
	(256, 'Ankylosaurus', 700),
	(257, 'Basilisk', 700),
	(258, 'Bearded devil', 700),
	(259, 'Blue dragon wyrmling', 700),
	(260, 'Bugbear chief', 700),
	(261, 'Displacer beast', 700),
	(262, 'Doppelganger', 700),
	(263, 'Giant scorpion', 700),
	(264, 'Githyanki warrior', 700),
	(265, 'Gold dragon wyrmling', 700),
	(266, 'Green hag', 700),
	(267, 'Grell', 700),
	(268, 'Hell hound', 700),
	(269, 'Hobgoblin captain', 700),
	(270, 'Hook horror', 700),
	(271, 'Killer whale', 700),
	(272, 'Knight', 700),
	(273, 'Kuo-toa monitor', 700),
	(274, 'Manticore', 700),
	(275, 'Minotaur', 700),
	(276, 'Mummy', 700),
	(277, 'Nightmare', 700),
	(278, 'Owlbear', 700),
	(279, 'Phase spider', 700),
	(280, 'Quaggoth thonot', 700),
	(281, 'Spectator', 700),
	(282, 'Veteran', 700),
	(283, 'Water weird', 700),
	(284, 'Werewolf', 700),
	(285, 'Wight', 700),
	(286, 'Winter wolf', 700),
	(287, 'Yeti', 700),
	(288, 'Yuan-ti malison', 700),
	(289, 'Banshee', 1100),
	(290, 'Black pudding', 1100),
	(291, 'Bone naga', 1100),
	(292, 'Chuul', 1100),
	(293, 'Couatl', 1100),
	(294, 'Elephant', 1100),
	(295, 'Ettin', 1100),
	(296, 'Flameskull', 1100),
	(297, 'Ghost', 1100),
	(298, 'Gnoll fang of Yeenoghu', 1100),
	(299, 'Helmed horror', 1100),
	(300, 'Incubus', 1100),
	(301, 'Lamia', 1100),
	(302, 'Lizard king/queen', 1100),
	(303, 'Orc war chief', 1100),
	(304, 'Red dragon wyrmling', 1100),
	(305, 'Sea hag (in coven)', 1100),
	(306, 'Shadow demon', 1100),
	(307, 'Succubus', 1100),
	(308, 'Wereboar', 1100),
	(309, 'Weretiger', 1100),
	(310, 'Air elemental', 1800),
	(311, 'Barbed devil', 1800),
	(312, 'Barlgura', 1800),
	(313, 'Beholder zombie', 1800),
	(314, 'Bulette', 1800),
	(315, 'Cambion', 1800),
	(316, 'Drow elite warrior', 1800),
	(317, 'Earth elemental', 1800),
	(318, 'Fire elemental', 1800),
	(319, 'Flesh golem', 1800),
	(320, 'Giant crocodile', 1800),
	(321, 'Giant shark', 1800),
	(322, 'Gladiator', 1800),
	(323, 'Gorgon', 1800),
	(324, 'Green hag (in coven)', 1800),
	(325, 'Half-red dragon veteran', 1800),
	(326, 'Hill giant', 1800),
	(327, 'Mezzoloth', 1800),
	(328, 'Night hag', 1800),
	(329, 'Otyugh', 1800),
	(330, 'Red slaad', 1800),
	(331, 'Revenant', 1800),
	(332, 'Roper', 1800),
	(333, 'Sahuagin baron', 1800),
	(334, 'Salamander', 1800),
	(335, 'Shambling mound', 1800),
	(336, 'Triceratops', 1800),
	(337, 'Troll', 1800),
	(338, 'Umber hulk', 1800),
	(339, 'Unicorn', 1800),
	(340, 'Vampire spawn', 1800),
	(341, 'Water elemental', 1800),
	(342, 'Werebear', 1800),
	(343, 'Wraith', 1800),
	(344, 'Xorn', 1800),
	(345, 'Young remorhaz', 1800),
	(346, 'Chasme', 2300),
	(347, 'Chimera', 2300),
	(348, 'Cyclops', 2300),
	(349, 'Drider', 2300),
	(350, 'Galeb duhr', 2300),
	(351, 'Githzerai zerth', 2300),
	(352, 'Hobgoblin warlord', 2300),
	(353, 'Invisible stalker', 2300),
	(354, 'Kuo-toa archpriest', 2300),
	(355, 'Mage', 2300),
	(356, 'Mammoth', 2300),
	(357, 'Medusa', 2300),
	(358, 'Vrock', 2300),
	(359, 'Wyvern', 2300),
	(360, 'Young brass dragon', 2300),
	(361, 'Young white dragon', 2300),
	(362, 'Blue slaad', 2900),
	(363, 'Drow mage', 2900),
	(364, 'Giant ape', 2900),
	(365, 'Grick alpha', 2900),
	(366, 'Mind flayer', 2900),
	(367, 'Night hag (in coven)', 2900),
	(368, 'Oni', 2900),
	(369, 'Shield guardian', 2900),
	(370, 'Stone giant', 2900),
	(371, 'Young black dragon', 2900),
	(372, 'Young copper dragon', 2900),
	(373, 'Yuan-ti abomination', 2900),
	(374, 'Assassin', 3900),
	(375, 'Chain devil', 3900),
	(376, 'Cloaker', 3900),
	(377, 'Drow priestess of Lolth', 3900),
	(378, 'Fomorian', 3900),
	(379, 'Frost giant', 3900),
	(380, 'Githyanki knight', 3900),
	(381, 'Green slaad', 3900),
	(382, 'Hezrou', 3900),
	(383, 'Hydra', 3900),
	(384, 'Mind flayer arcanist', 3900),
	(385, 'Spirit naga', 3900),
	(386, 'Tyrannosaurus rex', 3900),
	(387, 'Young bronze dragon', 3900),
	(388, 'Young green dragon', 3900),
	(389, 'Abominable yeti', 5000),
	(390, 'Bone devil', 5000),
	(391, 'Clay golem', 5000),
	(392, 'Cloud giant', 5000),
	(393, 'Fire giant', 5000),
	(394, 'Glabrezu', 5000),
	(395, 'Gray slaad', 5000),
	(396, 'Nycaloth', 5000),
	(397, 'Treant', 5000),
	(398, 'Young blue dragon', 5000),
	(399, 'Young silver dragon', 5000),
	(400, 'Aboleth', 5900),
	(401, 'Death slaad', 5900),
	(402, 'Deva', 5900),
	(403, 'Guardian naga', 5900),
	(404, 'Stone golem', 5900),
	(405, 'Yochlol', 5900),
	(406, 'Young gold dragon', 5900),
	(407, 'Young red dragon', 5900),
	(408, 'Behir', 7200),
	(409, 'Dao', 7200),
	(410, 'Djinni', 7200),
	(411, 'Efreeti', 7200),
	(412, 'Gynosphinx', 7200),
	(413, 'Horned devil', 7200),
	(414, 'Marid', 7200),
	(415, 'Remorhaz', 7200),
	(416, 'Roc', 7200),
	(417, 'Arcanaloth', 8400),
	(418, 'Archmage', 8400),
	(419, 'Erinyes', 8400),
	(420, 'Adult brass dragon', 10000),
	(421, 'Adult white dragon', 10000),
	(422, 'Nalfeshnee', 10000),
	(423, 'Rakshasa', 10000),
	(424, 'Storm giant', 10000),
	(425, 'Ultroloth', 10000),
	(426, 'Vampire', 10000),
	(427, 'Young red shadow dragon', 10000),
	(428, 'Adult black dragon', 11500),
	(429, 'Adult copper dragon', 11500),
	(430, 'Beholder', 11500),
	(431, 'Ice devil', 11500),
	(432, 'Adult bronze dragon', 13000),
	(433, 'Adult green dragon', 13000),
	(434, 'Death tyrant', 13000),
	(435, 'Purple worm', 13000),
	(436, 'Vampire (spellcaster)', 13000),
	(437, 'Vampire (warrior)', 13000),
	(438, 'Adult blue dragon', 15000),
	(439, 'Adult silver dragon', 15000),
	(440, 'Iron golem', 15000),
	(441, 'Marilith', 15000),
	(442, 'Mummy lord', 15000),
	(443, 'Planetar', 15000),
	(444, 'Adult blue dracolich', 18000),
	(445, 'Adult gold dragon', 18000),
	(446, 'Adult red dragon', 18000),
	(447, 'Androsphinx', 18000),
	(448, 'Death knight', 18000),
	(449, 'Dragon turtle', 18000),
	(450, 'Goristro', 18000),
	(451, 'Balor', 22000),
	(452, 'Ancient brass dragon', 25000),
	(453, 'Ancient white dragon', 25000),
	(454, 'Demilich', 25000),
	(455, 'Pit fiend', 25000),
	(456, 'Ancient black dragon', 33000),
	(457, 'Ancient copper dragon', 33000),
	(458, 'Solar', 33000),
	(459, 'Ancient bronze dragon', 41000),
	(460, 'Ancient green dragon', 41000),
	(461, 'Lich', 41000),
	(462, 'Ancient blue dragon', 50000),
	(463, 'Ancient silver dragon', 50000),
	(464, 'Empyrean', 50000),
	(465, 'Kraken', 50000),
	(466, 'Ancient gold dragon', 62000),
	(467, 'Ancient red dragon', 62000),
	(468, 'Tarrasque', 155000);
/*!40000 ALTER TABLE `monster` ENABLE KEYS */;


-- Dumping structure for table dungeondatabase.monsterroomlink
CREATE TABLE IF NOT EXISTS `monsterroomlink` (
  `MonsterID` smallint(6) NOT NULL,
  `RoomID` smallint(6) NOT NULL
) ENGINE=InnoDB DEFAULT CHARSET=utf8;

-- Dumping data for table dungeondatabase.monsterroomlink: ~2 rows (approximately)
/*!40000 ALTER TABLE `monsterroomlink` DISABLE KEYS */;
INSERT INTO `monsterroomlink` (`MonsterID`, `RoomID`) VALUES
	(274, 88),
	(351, 88);
/*!40000 ALTER TABLE `monsterroomlink` ENABLE KEYS */;


-- Dumping structure for table dungeondatabase.player
CREATE TABLE IF NOT EXISTS `player` (
  `PlayerID` int(11) NOT NULL AUTO_INCREMENT,
  `PlayerName` varchar(20) DEFAULT NULL,
  `PlayerLevel` smallint(6) DEFAULT NULL,
  `PlayerClass` varchar(50) NOT NULL,
  PRIMARY KEY (`PlayerID`),
  UNIQUE KEY `PlayerName` (`PlayerName`)
) ENGINE=InnoDB AUTO_INCREMENT=11 DEFAULT CHARSET=utf8;

-- Dumping data for table dungeondatabase.player: ~6 rows (approximately)
/*!40000 ALTER TABLE `player` DISABLE KEYS */;
INSERT INTO `player` (`PlayerID`, `PlayerName`, `PlayerLevel`, `PlayerClass`) VALUES
	(1, 'Lord', 1, 'Fighter'),
	(2, 'Wibble', 4, 'Sorcerer'),
	(4, 'Jim', 2, 'Ranger'),
	(5, 'Elric', 15, 'Rogue'),
	(8, 'Theren', 4, 'Rogue'),
	(10, 'Throg', 3, 'Monk');
/*!40000 ALTER TABLE `player` ENABLE KEYS */;


-- Dumping structure for table dungeondatabase.playerdungeonlink
CREATE TABLE IF NOT EXISTS `playerdungeonlink` (
  `PlayerID` smallint(6) NOT NULL,
  `DungeonID` smallint(6) NOT NULL
) ENGINE=InnoDB DEFAULT CHARSET=utf8;

-- Dumping data for table dungeondatabase.playerdungeonlink: ~40 rows (approximately)
/*!40000 ALTER TABLE `playerdungeonlink` DISABLE KEYS */;
INSERT INTO `playerdungeonlink` (`PlayerID`, `DungeonID`) VALUES
	(5, 5),
	(5, 6),
	(1, 6),
	(5, 7),
	(8, 7),
	(5, 8),
	(2, 8),
	(1, 9),
	(4, 9),
	(2, 9),
	(5, 10),
	(8, 10),
	(5, 11),
	(8, 12),
	(5, 12),
	(2, 12),
	(5, 13),
	(5, 14),
	(1, 15),
	(5, 16),
	(2, 16),
	(4, 17),
	(4, 18),
	(4, 19),
	(4, 20),
	(5, 21),
	(5, 24),
	(4, 24),
	(10, 24),
	(2, 24),
	(5, 25),
	(4, 25),
	(10, 25),
	(2, 25),
	(5, 25),
	(8, 25),
	(2, 25),
	(5, 26),
	(1, 26),
	(8, 26);
/*!40000 ALTER TABLE `playerdungeonlink` ENABLE KEYS */;


-- Dumping structure for table dungeondatabase.playerxps
CREATE TABLE IF NOT EXISTS `playerxps` (
  `PlayerLevelID` int(11) NOT NULL AUTO_INCREMENT,
  `MediumXP` smallint(6) NOT NULL,
  `HardXP` smallint(6) NOT NULL,
  `DeadlyXP` smallint(6) NOT NULL,
  PRIMARY KEY (`PlayerLevelID`),
  UNIQUE KEY `MediumXP` (`MediumXP`),
  UNIQUE KEY `HardXP` (`HardXP`),
  UNIQUE KEY `DeadlyXP` (`DeadlyXP`)
) ENGINE=InnoDB AUTO_INCREMENT=21 DEFAULT CHARSET=utf8;

-- Dumping data for table dungeondatabase.playerxps: ~20 rows (approximately)
/*!40000 ALTER TABLE `playerxps` DISABLE KEYS */;
INSERT INTO `playerxps` (`PlayerLevelID`, `MediumXP`, `HardXP`, `DeadlyXP`) VALUES
	(1, 75, 100, 125),
	(2, 150, 200, 250),
	(3, 225, 400, 575),
	(4, 375, 500, 625),
	(5, 750, 1100, 1450),
	(6, 900, 1400, 1900),
	(7, 1100, 1700, 2300),
	(8, 1400, 2100, 2800),
	(9, 1600, 2400, 3200),
	(10, 1900, 2800, 3700),
	(11, 2400, 3600, 4800),
	(12, 3000, 4500, 6000),
	(13, 3400, 5100, 6800),
	(14, 3800, 5700, 7600),
	(15, 4300, 6400, 8500),
	(16, 4800, 7200, 9600),
	(17, 5900, 8800, 11700),
	(18, 6300, 9500, 12700),
	(19, 7300, 10900, 14500),
	(20, 8500, 12700, 16900);
/*!40000 ALTER TABLE `playerxps` ENABLE KEYS */;


-- Dumping structure for table dungeondatabase.room
CREATE TABLE IF NOT EXISTS `room` (
  `RoomID` int(11) NOT NULL AUTO_INCREMENT,
  `DungeonID` smallint(6) NOT NULL,
  `RoomNumber` smallint(6) NOT NULL,
  PRIMARY KEY (`RoomID`)
) ENGINE=InnoDB AUTO_INCREMENT=90 DEFAULT CHARSET=utf8;

-- Dumping data for table dungeondatabase.room: ~5 rows (approximately)
/*!40000 ALTER TABLE `room` DISABLE KEYS */;
INSERT INTO `room` (`RoomID`, `DungeonID`, `RoomNumber`) VALUES
	(85, 26, 1),
	(86, 26, 2),
	(87, 26, 3),
	(88, 26, 4),
	(89, 26, 5);
/*!40000 ALTER TABLE `room` ENABLE KEYS */;
/*!40101 SET SQL_MODE=IFNULL(@OLD_SQL_MODE, '') */;
/*!40014 SET FOREIGN_KEY_CHECKS=IF(@OLD_FOREIGN_KEY_CHECKS IS NULL, 1, @OLD_FOREIGN_KEY_CHECKS) */;
/*!40101 SET CHARACTER_SET_CLIENT=@OLD_CHARACTER_SET_CLIENT */;
